subreddit,post_id,sentence_range,text,label,confidence,social_timestamp
domesticviolence,7iphly,"[25, 30]","It was a big company so luckily I didn't have to see him all the time, but when I did, he again acted as though I didn't exist. I tried to talk to him and update him on the pregnancy, and ask him to be involved for our child's sake, and he literally stared right through me without saying a word. 3 months after our daughter was born, I texted him and told him he was missing out on the most amazing person in this world, and how it wasn't fair to her. To my surprise, he wrote back and wanted to see her. He apologized, said he had changed and within a couple of months, we were engaged.",0,0.8,1512854409
domesticviolence,88ddzu,"(0, 5)","I just got out of a four year, mostly on but sometimes off relationship. The last interaction we had, he was moving out. The night before, he had strangled me. We've had a toxic relationship, but mostly loving. He truly tried to love me as much as possible, but would get drunk and be verbally abusive.",0,1.0,1522441078
domesticviolence,6nnm6e,"[15, 20]","Babies don't care about work hours you know. Husband finally says he'll watch our darling for the few hours between his full night's sleep and work. So we're doing this. I'm chipping on an embroidery project doing 'me' time, he's on bed with baby keeping the crawling fiend busy. He falls asleep and baby almost falls into crack between headboard and wall.",0,0.571428571,1500228240
domesticviolence,6vfkc2,"[80, 85]","Even when (now talking about other times) I tried to be playful and like scare prank him, he would beat me up for it. And I still looked up to him for some reason. I believe no child should ever experience these kinds of things. They always drag themselves into your future life. In my case, I have sworn to myself to never become like my father, but I still have these... well, issues.",0,0.571428571,1503450563
domesticviolence,978lrv,"(5, 10)","We added a bunch of [security <url> for specific scenarios. If you're more comfortable keeping things on reddit, we put a lot of the same information on r/operationsafeescape. Either way, if you feel your computer's being monitored, check out our [secure <url> guide. Also, we're hosting our first <url> in October. We've also been busy building up partnerships in the security sector, which will allow us to bring even more resources to the audience we serve.",0,1.0,1534255323
domesticviolence,9p553y,"(10, 15)","When I asked her how it happened, she said her brother had accidentally elbowed her in the face when they were 'rough-housing'. There was something about the way she said it that seemed a bit off to me - like she had been practising her excuse (or maybe that was in my head). Whatever the case it struck me as maybe a little weird that a couple of 20-something siblings would be play-fighting with each other like 10 year olds. This morning, after an absence of several days, she arrived at the office with a broken wrist. Her arm is in a cast and she has metal rods holding the broken bones in place.",0,0.8,1539829838
domesticviolence,61xudn,"(0, 5)","	It was the summer, I had just started a new job as a bartender.  I met a girl that was equally odd, had a lot of similar interests, was looking for the same thing I was.  We quickly became enamored with each other. It didn't take long for us to move in together.  I started finding projects around the house to fix up, she would surprise me with home cooked meals or a note gushing over our relationship.",0,1.0,1490684151
domesticviolence,8wf12p,"[5, 10]",u mind you my mom is 5‚Äô1 and he is 5‚Äô9. now her jaw hurts and pops when she opens it wide. so this is my dilemma: i am a very emotional person. my emotional skin is raw and any slight change in others affects me greatly. side note: i had developed ptsd growing up from being scared of my older brother (saw him and heard him fighting with my family many many times growing up) but since he moved out for good (i hope) its gone away.,0,0.571428571,1530831847
domesticviolence,8526xr,"(0, 5)","Throwaway because my normal account is a common username for me.... Anyway, I've been in a lesbian relationship for near 7 years. The first 2 was long distance but then i moved from NY to TX to be with her. Everything was generally okay until we moved into a new apartment back in December. It isnt the best but its a roof over our heads and it's relatively cheap.",0,0.8,1521270029
domesticviolence,8h1p7g,"[30, 35]",Things were so good again. Just like the beginning. Then the yelling comes back. I got really sick and had to go to the hospital and he refused to come and visit me when I was home. He told me I was dense for expecting him to come hang out with me when I have such a deadly disease (it was MRSA and not that deadly).,0,0.6,1525460459
domesticviolence,7mb8rl,"[30, 35]","She requested to go to the bathroom right away, and we helped her with that. The husband/driver was out loading all our parts when she finally came out of the bathroom. We asked her what is wrong. She said, ""He grabbed me by the neck and hurt me. I don't think I can go back with him.""",0,1.0,1514331422
domesticviolence,75cadq,"[135, 140]","I dial. 000. I have never used that number before. How does this wor‚Ä¶. ‚ÄúEmergency: Police, Fire or Ambulance?‚Äù",0,0.571428571,1507583967
domesticviolence,972413,"(10, 15)","Not like triggers per say, because I'd have to ask her about that, but more general behaviors. Like, if I see her acting in a certain way that is common to abuse victims, I should know to be careful around that. Like apologizing a lot is a common behavior. Knowing about the abuse, I didn't try and correct her or anything (save one time when she thought she was bothering me, and I told her she will never be able to do that). So any additional information is useful.",0,0.833333333,1534193900
domesticviolence,815nwz,"(10, 15)",Everyone loved him. He told the best stories and cooked the best food and was funny. All my friends thought he was the coolest person ever. He also has untreated bipolar disorder. Anyway - back in December he hit her so bad (using an object) that the next day she passed out at work and her coworkers forced her to get medial attention ) - she went the hospital - her sister went to meet her - and because it was mentioned that a minor lived in the house - social workers and the police got involved.,0,0.8,1519914963
domesticviolence,5r8hz1,"[5, 10]",They were too caught up in their anger. My grandmother would tell me stories about having to be the one that cleaned the blood from the walls. She thought I might be mentally handicapped because I wouldn't make a sound when all of this was going on. My brother was three years older than I was. My mother left my father when I was two.,0,0.6,1485873101
domesticviolence,8vuksa,"[0, 5]","Quick background: I left this guy back in 2006 after three years, and also turned him in for possession of child pornography and talking to a tween online and getting nudes from her. He plead guilty to Sexual Exploitation of a Minor, avoided federal charges but was put on the sex offender registry in that state. I just found out that he died in March of this year. Stage 4 cancer. It had metastasized by the time they found it, nothing they could do.",0,0.571428571,1530642424
domesticviolence,972956,"[10, 15]","I'm leaning more toward not responding but I haven't been able to let it go. I'm not sure what she even wanted, other than to talk to me before make a big decision for and her kids. I got a message pleading for a conversation, no explanation as to what. She apologized and stated that she wasn't trying to cause problems. She said he was in prison for something that happened a long time ago (looks like he was on felony probation and did something to get it revoked), sent pictures of her children, who are all one year older than the children him and I share, and told me his mother had passed.",0,0.8,1534194902
domesticviolence,78elk8,"[5, 10]","Things between us were amicable until that point. Now, the atmosphere is VERY different. It hurts now because she's acting indifferent and like she's totally unaffected (which she might well be, I don't know if she's pretending). Shes already moved on to someone else, someone she's liked for a while, her boss. She has tried three times to bring her up and talk to me about her.",0,0.6,1508836929
domesticviolence,7idwpv,"(10, 15)",#NAME?,0,0.8,1512724877
domesticviolence,7mjo28,"(0, 5)","When I was 16 I met a guy on vacation 11 years my senior... Having never been able to get along with those in my age group, I thought nothing of somebody older spending time with me, as I had grown up always spending my time around the adults during the holidays or my older brother's friends... Looking back now, I know this was naive and innocent on my part, nothing that anyone could or should blame a young kid for, as I really thought I was an outcast amongst my peers. And while it may have been true, there is no reason or excuse for a 27 year old man to want to be with a 16 year old girl except that he couldn't find a woman his age who would fall for his games and lies... He played nice for my vacation-- respecting my boundaries and acting only as a friend. He showed me the island and was nothing but kind and hospitable to my family...",0,1.0,1514427622
domesticviolence,80glwf,"[15, 20]",Fines. Probation. Court-ordered anger management classes. Debt. Final notices on some bills totaling as little as $17.,0,0.571428571,1519679905
domesticviolence,9hhkw7,"(105, 110)","No really guess!.... This IS THE LAST TIME!!! THIS IS IT!!!! Fast forward , she goes a little further this time and consults an Attorney Firm. She always said money was problem , and me being an idiot said I dknt care I'll make a plan so that this evil doesn't have to be in our lives, She calls Me to say that the Attorneys need $250 for an Eviction Letter to him.",0,0.6,1537467413
domesticviolence,9jkh53,"(100, 105)","He said he‚Äôd never love us. He acknowledges and plays with his daughter starting after she turned 6 months. He use to threaten to take her away from me. He gets delusional at times and he yelled at me ‚ÄúI‚Äôm going to off myself if you don‚Äôt admit that you were going to call the cops on me for calling the manager at McDonald‚Äôs an asshole!‚Äù I filmed it. So he said, ‚Äúhere‚Äôs your daughter try not to off yourself‚Äù He really thinks I‚Äôm going to kill myself for no reason....",0,0.6,1538114722
domesticviolence,9875rg,"[0, 5]","So I have a buddy who still lives with his step dad, mom, and brother. Long story short, I just found out through him that his step dad hits him and occasionally his mother. It came out when he was drunk along with other behaviors. When my friend gets drunk he likes to aggravate people until they try to beat him up and until recently I just thought he liked fighting. But he told me it is because his step dad hits him so getting in fights gives him a weird sense of worth.",0,0.571428571,1534549150
domesticviolence,81gx7o,"(5, 10)","She gave birth to a beautiful baby girl in Nov 2017. Her partner is 26 yrs old and has had many bouts with the law. When he met my friend, he was on house arrest/probation for a previous charge. They worked together and soon began dating. My friend is a Filipino woman and her partner is a Jamaican man.",0,1.0,1520017905
domesticviolence,8un506,"(5, 10)",And it‚Äôs okay to fall down and have a bad day- as long as you pick yourself up and continue working toward moving forward. Moving forward does NOT mean forgiving and forgetting or condoning any behaviors. Moving forward is about YOU and beginning to live the life YOU deserve. You are beautiful. You are smart.,0,1.0,1530217981
domesticviolence,8lhksq,"[5, 10]","Anyway, he bullshited that her insurance wasn't covered  by anyone in this state, and that it was illegal for him to refuse her her shift. My SO had already talked to his HR head. They had previously decided that there wasn't much they could do unless she came up to him. Then tonight happened, the head of HR is severely worried for her safety (and my SOs) in a way he wasn't before. The head has called the Domestic Violence Hotline himself, and is looking for resources to help him solve this very delicate/tricky issue.",0,0.571428571,1527061709
domesticviolence,8w6req,"[31, 36]",put the world on my middle finger and tell it to sit and spin????? ? /\\/\\/\\/\\/\\/\\/\\/\\/\\/\\/\\/\\/\\/\\/\\/\\/\\/\\/\\/\\/\\/\\////////////////////\\\\\\\\\\\\\\\\\\\\\\\\\\\\\\\\\\\\\\\\/\\/\\/\\/\\/\\/\\/\\/\\/\\/\\/\\/\\/\\/\\/\\/\\/\\/\\/\\/\\/\\/\\ p.s. if you have a family that loves you please treat them right -- because there's people like me out there who would give anything to have what you have  -- don't take it for granted,0,0.571428571,1530755221
domesticviolence,7cbb5z,"(45, 50)","And I found as I got older, I always turned to women for support. My first marriage didn't work out, but I tried. And my second has been beautiful, we've been together for nearly 18 years, married for 16. We still have a lot of fun and while she doesn't understand what we went through first hand, she's perfectly supported me and we've built a good life together. My mum never had another relationship.",0,1.0,1510437389
domesticviolence,8k6w02,"(15, 20)","I was in a relationship, so I didn't really let it go anywhere, but hell, it was a new experience for me, and I liked being liked. Fast forward half a year to my breakup. She had moved to a different job, but we bumped into each other in Wal-Mart, if all places. We hit it off, and it wasn't long before a date turned into two, then more. I moved in with her, but maintained a separate apartment for a few months at her request (her family was very judgemental about 'living in sin').",0,1.0,1526584420
domesticviolence,9j7vl2,"[15, 20]","His mom and aunt like me too. But there have been some dark portions of our relationships, which I am ashed to talk about. First of all, the lightest part - when he is nervous because of something, he lashes out on me in shape of harsh criticism. Or he yells. 'You always stare at your phone!!!'",0,0.571428571,1538006070
domesticviolence,8cfpou,"[0, 5]","To start, I feel like I should share why I wanted to be here today to read this statement myself. For six and a half years, I was in a relationship with Luis. The first time he physically assaulted me, I was 18. That was the first time I had been knocked unconscious by another human. The choking incident that we are here for today was the first incident of domestic violence that I reported to the police.",0,0.6,1523805006
domesticviolence,5xw1g2,"[0, 5]","As an aside, it really kind of messes you up when the DA calls and tells you that in less than a week your abuser will be putting in a final plea; if you'd like to attend, please come for at least half a day to see what will happen. So, talked to my therapist about this and I had already told the DA I want him to see jail time not just 2 years of probation with state mandated drug treatment. isn't this also really awful as now they'll just forever say it was because of their addiction and never take full responsibility for their own actions? I digress, I demanded that he gives me a face to face apology. My therapist thinks it might be a bad idea as it's been less than a year and she thinks he will only lie and tell me he's sorry because I've requested it.",0,0.6,1488835550
domesticviolence,5u4hq4,"(25, 30)","My sister messaged me ""CALL ME ASAP"" I received her message at 1am when I woke up at my own home to use the restroom. I called my sister at that time, she answered the phone and I heard yelling and screaming. What happened was, My sister gave my father a ride back to wherever it was he came from - to get him out of their home. My father would not leave my moms home unless she also came along.",0,0.6,1487121954
domesticviolence,6f5fy2,"(45, 50)","She has a temper and some anger issues. I'm the only one that has seen that side of her, maybe I'm just the cause. To add to the story, she left me with scars on my arms a few months ago while I was trying to calm her down while giving her kisses. She dug her nails into me pretty severely. I had pictures which the officers asked to see, which I showed them.",0,0.6,1496548474
domesticviolence,7jkjfi,"(0, 5)",I‚Äôm looking for advice to try to help a relative. She‚Äôs going through a very ugly divorce with her husband who‚Äôs trying to get sole custody of their three-year-old son. He‚Äôs dating a woman with a substance abuse problem and a criminal record. He met her three weeks ago and has been taking their son to sleep at her residence (unbeknownst to my relative till recently). This Monday he told her he‚Äôs filing for divorce.,0,0.8,1513183933
domesticviolence,8t24ey,"(5, 10)",Essentially they had a few speakers which ran from people in the organization to the mayor and state representatives. Then they had a short film about the director who was retiring and essentially how she transformed this small barely funded group into an amazingly helpful and essential part of the community. It was without exaggeration insanely inspiring. They then went on to have a slide show with pictures of some of the survivors. Their pictures would appear as the individual told an abridged version of their story and how this organization helped them.,0,1.0,1529680516
domesticviolence,8xqnpo,"(0, 5)","when you first come face-to-face with a sociopath, you will be completely oblivious to who they truly are. they will be whoever they think you want them to be. they are fake. maybe it took him a while to show you his TRUE colors, maybe it was pretty close to the beginning. but the most important time was when you connected at the start.",0,0.8,1531239188
domesticviolence,6wzxe0,"[40, 45]",But Someone asked me if I needed a shirt and gave me one. I asked to call my mom but she couldn't understand what I was saying so he told her. The ambulance showed up and I told the cops that my boyfriend beat me but I wasn't giving any more information. The ambulance lady told me that if I refused to go with her she would take me against my will because I was exhibiting signs of head trauma. I went.,0,1.0,1504107283
domesticviolence,9150tc,"[5, 10]","Well, last time we fought, I did finally call. I was so fucking scared and while he hid in the basement with all the doors locked and light off, the cops took pictures of my hands and neck while I asked them over and over not to arrest him. They told me it will be up to the judge when he sees the pictures. Well, what do you know, he got a warrant. He didn't show up to the first court date so I know he's in even more trouble now.",0,0.571428571,1532330825
domesticviolence,9qzdzn,"[10, 15]","She angrily threw the blanket I wanted on my side of the bed and I told her that I didn't want to sleep in bed any more, so I was going to sleep on the couch. She knows that the doctors said not to do that, but she didn't seem to care, which to me is more evidence that she doesn't care that much about my health. As I was gathering up my things to leave the room, I got more heated and called her a bitch for caring less about me than the inanimate objects we own. She got up and literally pushed me. I'm not very big, and while I pushed back for a while, she eventually pushed me out of the room and slammed the door.",0,0.6,1540385715
domesticviolence,8icjvu,"[10, 15]","     He grew from a short, stubby, orange haired, freckle faced, awkward boy into a seemingly strong, tattooed, pierced, tall, ginger, man I thought I always wanted.       From the time I was 13, I thought he loved me. I didn't know why, but he told me often; on the phone, through letter. I was the girl he thought he could never get. I was out of his league (his words).",0,1.0,1525930283
domesticviolence,7muhol,"[22, 27]","Going to chat to my therapist about it next session too. I need to find some sort of balance here, between living my life and keeping my fear in check. God bless all of you who have been through DV and abuse - I truly wish you all the absolute best  in your lives and your recoveries. We are all heroes here. xx",0,0.8,1514556518
domesticviolence,8k6w02,"(20, 25)","Regardless, that didn't last long, maybe half a year. I released that apartment, and most of my belongings (I kept a few boxes of my things from the military, personal effects, but little else). Looking back, there were some signs of emotional manipulation here, but it was subtle... and you know how it is, love is blind. We got engaged. It was quite the affair.",0,1.0,1526584420
domesticviolence,9wgegu,"[25, 30]","Also, to answer the million dollar question everyone has, ""How does this happen to someone who outearns her abuser by a factor of 6?"" I wish people talked more about the other side of financial abuse. We hear all about the men who financially abuse their partners by prohibiting them from having a job, or denying them access to bank accounts, and that sort of thing. There's also the side where they monitor every account and become completely terrifying if their higher earning partner so much as buys one cup of coffee that they didn't approve of. They spend all her money on random crap that they can pass off as household expenses.",0,0.8,1542046272
domesticviolence,9wgegu,"[30, 35]","If you withhold financial information from this type of abuser, they will get it out of you somehow. Trust me. It isn't pretty. I withheld my credit card numbers for a year, and I paid every day for it. Anyway, I'm totally ranting at this point, but it was seriously amazing to find one person in this entire world who actually confirmed that what I experienced in trying to access help was real.",0,0.8,1542046272
domesticviolence,7tlt0f,"[0, 5]",My Daughter was recently in a domestic violence dispute. The other party was arrested and there was a gun involved. They are both under 21. The sentencing will be soon and the court said he is getting probation and at the time of sentencing the no contact order will be lifted. She has not attempted to move on and is waiting for the order to be lifted in order to reunite with him.,0,1.0,1517162424
domesticviolence,91cw34,"[50, 55]","I offered to help but he declined. After 6 months the debt hadn't moved. It was at that time I started asking him more about it, how it was going (I think I was pretty annoying TBH,) and he would say he paid off a large portion of it. But he didn't and never followed through with the plan. i feel badly that I didn't just drop it, but I it felt like he was lying to me.",0,0.6,1532394591
domesticviolence,5sxx7l,"(0, 5)","he was my best friend since highschool, she was a girl i really liked. my parents let him live at my house when his parents kicked him out, and he started dating the girl that i really liked behind my back. im not gonna go into too much detail about the drama but in short i kicked him out and they both hate me now. there were some not so nice comments going back and forth. the other day they moved into an apartment together after being together for like 3 months, but i just found out through the same person who initially told me that they were dating, his ex gf [22F] that he has hit her on several occasions.",0,0.8,1486614596
domesticviolence,8y0j1n,"(50, 55)","We're currently looking for separate houses, haven't told the kids but my face is an absolute dogs dinner and will definitely have scarring for life. If it was the two of us, we could work it through but my relationship with G after so many telling offs, heart to hearts, explanations about his actions and their consequences, still goads me to get a rise. This is a woman who won't back down easily and will portray very intelligent coniving questions which have left me feeling dominated, under control and manipulated for a couple of years now. The one guiding light for us to work through it is my younger two children and how much I adore them. Still,in this current situation, there's is a seemingly insurmountable wall of emotions from all parties which would need a huge amount of effort to even bring us to the negotiating table.",0,0.6,1531322834
domesticviolence,74d992,"[0, 5]","Hey y'all. Throw away for obvious reasons. I am so confused and I don't know what to do or who to reach out to. I started dating my boyfriend two years ago when I moved away from my home to a new state for a job. He was funny, intelligent, and *very* charming.",0,0.6,1507172238
domesticviolence,8c7koy,"(55, 60)","I was silent and looking in his eyes. After about 2 minutes, I got off him and headed back to my room. Just as I was getting to my door he yelled something nasty. I said something like ""Go to hell"", and got in my room and closed the door. He rushed the door and I had to use my body to keep the door closed when he bashed into the door with his body twice.",0,0.8,1523712979
domesticviolence,8xqnpo,"[30, 35]","once I saw the light, saw that I didn‚Äôt even know myself anymore, I shut everything down. now, maybe it doesn‚Äôt seem like all sociopaths are this way. but they are if you let them. have the strength to say no. have the strength to be YOU.",0,0.571428571,1531239188
domesticviolence,608lcy,"[0, 5]","(I originally posted this somewhere else but it was taken down because someone felt it didn't belong there) I think I should start this by saying that I was originally born somewhere else and moved to my current home when I was really young. I don't really know anyone else in my family on either sides, other than my mom, dad, and my brother. I have never really been close to anyone in my entire life besides my grandparents on my mom's side, and my music teacher. Except my grandparents died when I was 8 years old (both within the span of 5 months of each other) and my music teacher had to quit his job as he was struggling economically.",0,1.0,1489900281
domesticviolence,6y85ge,"(20, 25)","She desperately needs to see an oncologist or something about these tumors she's developed. It's breaking my heart seeing her like this. Other family members, all of whom are in Canada agree that going back to Canada (we moved to Texas in 95) would be good but her excuse is that there's no jobs. Also her not having a passport (it use to only be a green card required to travel across the border to Canada) is probably deterring that option. Thank you Reddit.",0,0.6,1504620038
domesticviolence,7c4yyu,"[0, 5]","Some details changed for anonymity. Also, let me know if there's a better place for me to post this. My wife and I are trying to help a family member in an abuse situation. I'll call her Amanda and her ""boyfriend"" John. Amanda and John live a few hours away.",0,1.0,1510357845
domesticviolence,87kjti,"(20, 25)","Yes, you should! And we planned for that. Because the data is stored in an encrypted Google Firebase server, you can download the app again and use their same username and password to retrieve their plan. So if you go to Walmart to get a burner phone (or when we provide one, in some cases), you can install it on that device as well. Here's the [iOS <url>",0,1.0,1522173383
domesticviolence,7oubc9,"(0, 5)","Starting at 10:00 AM on Monday, January 8, 2018 at 10:00 EST the online counseling service will be doing an IAMA where they take questions from the /r/IAMA Reddit Community about their services. Here at /r/Domesticviolence, we do not support one company that does online therapy over another, but we thought you may have questions for them and here is your chance. Some of the past IAMAs they have done are: * <url> * <url>",0,1.0,1515368007
domesticviolence,5oflhe,"(30, 35)","He finally lets me inside and we begin to talk (he's drunk as always, our schedules differ by a couple of hours so whenever I would get home at 6 he was always drunk). He is sat up against my counter calling me names and I smack his chest. Worst mistake of my life. I never should have hit him. And I fully believe that what you dish out is what you get.",0,0.6,1484622843
domesticviolence,7etlqf,"[5, 10]","When I grew up, my parents were always working and were never home, didn't express interest in spending time with their children. I was alone all the time and it made me depressed. I wasn't able to make many friends because my parents never drove me to see people. I did parental duties for my siblings. I made my sister meals when she was 7 years old losing weight because my parents never cooked for her.",0,0.571428571,1511379340
domesticviolence,8zhvmy,"(0, 5)","A little background here. The girlfriend[24f] of one of my husbands friends from high school made a detailed post on Instagram back in December describing the abusive relationships she was in with her boyfriend[24m]. About 2 weeks later, the post was gone and suddenly all was well and she is posting sappy/happy posts with him. I sent her a private message on Facebook asking her if everything was okay and if there was anything I could do, letting her know I was genuinely worried. The message was never opened and that profile was deactivated.",0,0.6,1531799576
domesticviolence,9mdt92,"[50, 55]",He said all those things. I currently don‚Äôt have a passport. He sent it away because the W something tax return needs to be filed. Whatever that is. I‚Äôm British.,0,1.0,1538995772
domesticviolence,7c4yyu,"(10, 15)","John often withholds her very necessary prescription drugs to get his way, which is super messed up. Recently she had a small financial windfall and he became super nice and after they spent it all he reverted. He's extremely manipulative and abusive. She's shown us pictures of bruises. The plan right now is that she'll get her prescription sent to somewhere near us, then while John is at work, she leaves with her service dog, meets us in our car and we take her to our house a few hours away.",0,0.833333333,1510357845
domesticviolence,77lawd,"[70, 75]","No I‚Äôm not. What I am saying though is that man and woman were designed to have a mate. A mate who completes you and makes you happy. A mate you can love and be loved by. I never searched for a man to make me happy or be my knight in shining armour, but he found me anyway.",0,1.0,1508496375
domesticviolence,5uapbl,"(0, 5)","I'm having problems with a friend and I thought an outsider's perspective might be useful. She's always been a bit overly emotional and controlling, having previously been very easy to anger, and having previously tracked me and an ex through my phone, and going through my belongings without my knowledge to check texts etc. It really worsened recently. Maybe a year or so arguments because a regular occurrence when we had been drinking. I've had to deal with taking care of her after outbursts like this on numerous occasions, the worst being a visit to the hospital when she stormed off and I found her in a parking lot, having fallen and hit their head.",0,0.8,1487196941
domesticviolence,9f9x15,"[25, 30]","While he constantly texts and asks what I'm doing. If I don't satisfactorily respond, he gets passive aggressive and tells me he's worried about what I'm doing, he's ""bugging out"" his ears are ringing so he knows I'm doing something. He said that today. Via text when I was on the phone with driver control. It makes me think he is psychic or something, because any time I do anything to try and get past this relationship, for myself, it's like he knows.",0,0.571428571,1536774082
domesticviolence,7jxchi,"(6, 11)","Anything you forgot to write about in your statement that you wish you would've? I have so much to say that I have no idea where to start. Thank you so much in advance. sending hope, love, courage and so many prayers for everyone during this season of your lives. so thankful for this community and support from each and every single one of you.",0,0.8,1513311365
domesticviolence,9g2vjr,"[110, 115]","I told him what he did. My brother realized the situation. Once my partner arrived back after 7 hours, he messaged me and said ""I didnt mean it to seem like a break up"". But, my brother was angry. He kicked him out.",0,0.8,1537029521
domesticviolence,6qaa3i,"(25, 30)",We still have up until December on this lease together. I sponsor him in this country because he cannot stay on his own. We also work together. Today he was crying and begging me not to leave him (which I already had done) etc. I told him he needs mental health care - not for the first time - and that I can't trust him after what happened on the stairs because he crossed an even worse line than he has before with verbal abuse.,0,0.8,1501324059
domesticviolence,8cb5gs,"[5, 10]","My sister is an alcoholic as well and also drinks too much, tho not as much as this fellow. I've never been comfortable with the level of her drinking or her personal choices and I live long distance from her. I try to nudge her in more positive directions and in the past 18 months have been offering a few hundred in financial support monthly to her to help her better provide for her kids. About 6 months ago, it came out that her boyfriend has been screaming in her face and laying his hands on her. Usually she beats him up as much or worse - I think it's pure insanity and I told her that she needed to make physical contact a 'red line' and if I heard about it, I would call the local police office and report him.",0,0.8,1523746334
domesticviolence,7uxkki,"[5, 10]","He abused his ex girlfriends as well. I left him last June, after he tried to kill me after being released from a one week sentence for DV. That incident landed me in the hospital, though it wasn't the worst incident of abuse. But that night, I had a wave of courage for two seconds and told the staff what really happened. He was arrested and has been in jail ever since.",0,0.6,1517636657
domesticviolence,78kr2e,"[0, 5]","Today at work I took a customer's payment over the phone. I was pulling up her account so there was a moment of silence between us. I could hear a man in the back yelling,""I'm gonna slap you"" I didn't tell her I had her page pulled up so I could keep listening, because I was convinced I heard incorrectly. ""Bitch I'm gonna slap you"" a couple seconds of silence,""I don't give a fuck"" , a couple seconds of silence, ""I will fucking slap you"" finally I said ma'am. It took her longer than it should have to respond to.",0,1.0,1508898119
domesticviolence,9i1yov,"[85, 90]","He laid me down and went to take off his clothes, then I sprung up, ran to the bathroom, grabbed the key(only one we have), ran to the guest room and locked myself in there. Finally safe. No pillow or comforter though, just a thin blanket and some clean laundry. No matter, I couldn't fall asleep anyways. Around 6am I crept outside, took a shower, gathered most of his stuff I could find and left him a note saying I took his key, and when I'd be back at 8pm he should be gone and anything that he leaves behind goes to the bin.",0,0.571428571,1537641465
domesticviolence,7oubc9,"(6, 11)","* <url> * <url> Again, we arent promoting one company over another, but thought this was an opportunity for some of you that cant reach a therapist IRL to consider this method and ask some questions. I hope you all find it helpful and informative, and /u/iTherapy has the answers for you that you want. Good luck!",0,1.0,1515368007
domesticviolence,91cw34,"(0, 5)","I'm a long time lurker of r/relationships but my post was locked and asked  to post here- I have never made a post before so I apologize in advance! Thank you in advance to anyone who reads. I'm extremely conflicted in whether I get back together with my boyfriend or not, Scott. We have been in a relationship for 3 years, living together for 1, but I moved out a few weeks ago into my own place. For the first couple of years, everything was great.",0,1.0,1532394591
domesticviolence,8llkv5,"(0, 5)","I dont know what im trying to do by writing this, maybe just to vent, or get advice.. i dont really know.. but here we go. I was in an abusive relationship for 6 years. Everything was great at first. He was a bad boy, but i saw so much more than what he did. I loved him with everything i had and i was ALWAYS there for him.",0,0.666666667,1527099208
domesticviolence,7tu13t,"[5, 10]","I knew she wasn't scamming as she was telling me this and it was definitely real when her membership card name matched her credit card (in case anyone things she was begging for pity). She told me the police only helped 2/7 times, because her husband and the police are in some sort of brotherhood so they won't do anything. As she was leaving she told me ""now I have to go back there again"" as she was sobbing. I didnt know what to say or what I could do to help. Everyone I've talked with as told me I should've gotten her phone number because looking her phone number up through our receipts and membership files is an invasion of privacy.",0,0.571428571,1517247920
domesticviolence,7c4yyu,"(22, 27)","She's talked about a restraining order, but I don't know what Amanda needs to do that or what's involved. Amanda is planning on living with us for a month or so before finding a new job and apartment nearby. I think she should stay longer for safety's sake, but that's up to her. Thanks for any input. We just want to help her; I don't want to forget anything that should be obvious.",0,1.0,1510357845
domesticviolence,7uiipc,"(3, 8)","I have started working on a youtube series about coping with and healing PTSD using movement therapy to find flow (hooping is my outlet). I am super excited to share this with you beautiful, strong, wonderful survivors, so please share this with anyone else who you think could benefit from this seriesüíï Wishing you well! Until next time, may peace love and light always be with you! [Journal Entry: January 18, <url> Edit: formatting",0,1.0,1517489461
domesticviolence,634kh2,"(30, 35)",Eventually crazyass went flat out nuts and kicked both me and it boy out. We were now homeless. And we started hanging out with a friend of mine who was also in that situation. We'll call this guy Wolf. Wolf had a thing for this girl named S. S was one of those types who cheated on her boyfriend constantly.,0,0.8,1491193417
domesticviolence,9njpbh,"(10, 15)","She went through a very rough patch about a year ago and her mental health was clearly affected, she was living out of her car, she had left an abusive bf and then she had a crash in her car. For some reason she decided to go to Romania for treatment. I only heard from her sporadically. Once she called me and let slip that she had been raped as well as hit, drugged, something about a court case, and whay sounded to me like a lot of paranoia about mafia and government. I put this down to ptsd from her abuse.",0,0.6,1539346094
domesticviolence,8h7lxa,"(0, 5)","My sister told me yesterday that my dad violently abused her as a child. She also said that my dad was about to punch me in me the face when I was 10 years old (and she was 14) and she rescued me. My mum, stood by and did nothing, for some reason. I don't remember. My sister was an angry kid and she said her experiences sent her into a depression for about ten years.",0,0.8,1525527927
domesticviolence,9p4094,"(10, 15)","I found the situation odd at first but because he was drunk, it was ordinary. He was sitting in his truck nearby watching me. Then later I heard something hit my rv hard and in fear of my life I rushed to call police. He fled and police chased after him. Not to my surprise he talked them off and broke in again the next night but that time I was home, he broke the door down and threatened to kill me if I called the police again.",0,0.6,1539820560
domesticviolence,9h58z6,"[55, 60]","Even if people experience mental health differently, this reeks of toxic character. He is convinced he needs to stick around, avoid change, see this through, that eventually she‚Äôll ‚Äúgo back to how she was before‚Äù (whatever that means) and that he‚Äôll keep trying to make it work. The typical ‚ÄúI can fix this‚Äù response that colours victims of abusive partners - and having been one, it is especially demoralizing to see him having to go through this for the sake of avoiding both change and a failed marriage. What can I do to help him, besides support him emotionally, and eventually have him realize for himself that this is not normal? tl;dr: my [25F] partner [30M] is being abused by his wife [28F], but is convinced to keep trying to make it work despite the situation detrimentally affecting his own mental health.",0,0.571428571,1537364529
domesticviolence,5o6xbs,"(105, 110)","My dad did this twice to her. He began harassing my brothers employees, telling them crazy stories that my brother was selling drugs, or that he raped someone, stories with I know are not true. We began hearing stories through the rumor mill that my dad was seen drunk driving in town on several occasions, and getting drunk in public. My dad broke into the house of a friend in town, the wife was downstairs and husband upstairs. She saw the look on my dads face when he barged through the front door (she said he looked crazy) and ran upstairs screaming.",0,0.833333333,1484519749
domesticviolence,8x3s1h,"[15, 20]","It is why I started studying gender studies. My dads rage from my mum earning more then him, even though she gave him at least half whilst he had affaris and caused hell in our household and physically abused her. I have been in counselling since being in year 5 in junior school (I think 9 years of age) because they were fighting all night and I hadn't slept and they sussed there was something wrong. This continud until I was 19 and my dad left (which was dramatic in itself). Anyway, so i'm reading a book called Toxic Parents and it basically advisers people to confront their parents.",0,0.6,1531076391
domesticviolence,7whlce,"[40, 45]","I wanted to chalk it up to finances, but our finances weren‚Äôt nearly as bad as they had been, so I started thinking that maybe something else was going on. When I finally got the job that I‚Äôve been working towards my entire life, and you got your settlement and the opportunity to do the things you had been talking about doing for your entire life, I began experiencing this odd feeling called ‚Äúconfidence.‚Äù Not just having confidence, but being confident. Our situation was finally improving, but our relationship continued to deteriorate. You attempted to exert a level of control over me I had yet to experience (which is saying something). But this time, I resisted.",0,1.0,1518219074
domesticviolence,5zjmqv,"[0, 5]","Hi everyone, So I am in abusive relationship. We live together. He doesn't pay for anything but his alcohol and drugs and occasionally his gas. When he's feeling generous he has been known to give me 10 dollars toward gas.",0,0.6,1489587889
domesticviolence,8xqnpo,"[10, 15]","I have an answer for you. it is because he made you a part of his game. see, sociopaths will do anything and everything to manipulate others to make themselves happy. to feel liked, loved. mostly, they feed off of other people.",0,1.0,1531239188
domesticviolence,8wt8p8,"[5, 10]","... My husband is an injured veteran. He was pretty seriously injured in Iraq and then again in Afghanistan (muscle tear and then a spinal injury.) However, the injuries occurred before we met. When we met, dated, and eventually married, he was under the influence of Vicodin, OxyContin, and Percocet.",0,0.571428571,1530970869
domesticviolence,7de7zs,"(5, 10)","Sunday (the 5th) she went outside to drink her margarita, and our 4 year old followed her (she'd been ignoring us all day). I went to help my 5 year old when she called me into the bathroom. A few minutes later, I head up to check on them, and I'm attacked with the accusation that I've locked them out of the house, that i""m crazy, how could I do this? Etc. The front door sticks, for what it's worth.",0,0.6,1510855754
domesticviolence,9pwyqz,"[10, 15]","I don‚Äôt live at home anymore, and I take care of myself. However, my father is the breadwinner and neither my brothers nor my mother think they can leave because they don‚Äôt think they‚Äôll be able to support themselves. My brothers are still in school, high school and college, and live at home. My mother has suffered abuse from the time she had me about 33 years ago until now. My father would hit her but when I turned 16, I finally had the courage to stand up to him and tell him he had to stop.",0,0.571428571,1540063460
domesticviolence,77lawd,"[74, 79]","I never searched for a man to make me happy or be my knight in shining armour, but he found me anyway. And yes he did rescue me‚Ä¶mostly because I let him. And in case you ask yes I am happy ‚Äì in life, in love and within myself. Maybe I was a victim once, but I‚Äôm not a victim anymore. I chose freedom and safety, and I hope any woman reading this is brave enough to find those things too <3",0,1.0,1508496375
domesticviolence,9a3j2o,"[0, 5]","Several month back I began casually dating a woman who was previously abused physically and emotionally by her ex husband. She and I have really hit it off and have begun to care quite a bit for one another. For obvious reasons, she is really afraid to get involved with me beyond casual dating, and we‚Äôve taken a break for a while to let her sort out some of her emotional issues. We hope to reconnect after a while when she‚Äôs in a better place emotionally, and some of the logistics between us are better. I‚Äôve tried to be as supportive and encouraging as possible to her, but I have never been in this situation before, so oftentimes I am not sure what to do or say.",0,0.571428571,1535164794
domesticviolence,79bddy,"[0, 5]","Quick summary... She kicked her husband out several months for physical, emotional and verbal abuse to her and the kids. Things have been going somewhat civil ever since. He has been paying her child support unmandated by the court (not because he is a good guy, but he moved in with his parents, and they make him pay her). Yesterday there was an incident involving an arguement in their driveway (in front of the 3 kids) which ended with him punching out the side window of her mini-van while her kids were inside it.",0,0.8,1509211770
domesticviolence,8llkv5,"(55, 60)","It took some time. And took me running down the street with our 3 year old son in my arms with him chasing me for me to finally get away. Understand that what i have wrote here is literally just the tip of the iceberg.. i could write about it all, but i would need to write a book. I dont think i would ever run out of things to write about. I have seen 1 doctor since leaving him and he said i have PTSD... i dont like talking about it so i never went back.",0,0.6,1527099208
domesticviolence,8xqnpo,"(20, 25)","they will see that someone else is willing to do all the work for them. once you try to lead the way, you‚Äôll never stop because they will never take over for you. they will watch you do more & more for them until you are living your life completely for them. once you live for them, you become just like them. you will be completely controlled by them, not feeling comfortable being yourself.",0,1.0,1531239188
domesticviolence,91ckh1,"(25, 30)",Yet I‚Äôve already been through the worst and come out smarter and stronger. I‚Äôm not so afraid that I‚Äôm just running and not fighting it anymore. So WHAT exactly am I afraid of? WHAT is the reason of this fear? I mean what‚Äôs the worst that will happen and how can it be any worse than what he‚Äôs already put me through.,0,0.6,1532391950
domesticviolence,8dbbcx,"(5, 10)","I just wrote a 3 page statement, trying to include the entire bad history"" of our relationship.abuse. Is there an pointers or tips you have for writing a statement that lets the judge know exactly what this jerk deserves? A certain length? Do I only talk about what has happend AFTER the assault, because there hasn't really been much. It's more about all the things leading up to it.",0,0.8,1524104519
domesticviolence,6v8jkf,"[9, 14]","I blocked him on FB and then deactivated. One two punch, because my FB addiction is another obstacle in my life. I'm very proud of these decisions, but it also meant leaving my ""Thrive After Abuse"" group. So now here I am on Reddit, hoping to find another supportive community. Best wishes to all.",0,0.8,1503374294
domesticviolence,87kjti,"[10, 15]","An app made sense for this, since so many people have a phone. But sometimes a solution can raise more problems! If we had an app that says ""domestic violence escape plan,"" and if the abuser checks the user's phone, that's even worse than a paper form. So here's the solution we came up with: the app is ostensibly a ""quote of the day"" app, just like so many others. You open it up and it just looks like any other, with inspirational quotes (carefully chosen to be relevant without appearing relevant, by the way).",0,1.0,1522173383
domesticviolence,7dkmmd,"[5, 10]","He won‚Äôt give her access to their bank accounts. He refused to let her learn to drive, told her she wasn‚Äôt capable, that she‚Äôd get into an accident and kill their daughters. He‚Äôs violent, and he tried to kill himself in front of her after abusing her and that‚Äôs when she left. He is lying and saying he‚Äôs gone to more therapy than he has (she asked his therapist if he was going, no he hasn‚Äôt been), and he still refuses to give her access to their bank accounts or give her money. My friend has no options.",0,0.571428571,1510922331
domesticviolence,8m1irj,"(15, 20)",#NAME?,0,0.8,1527252930
domesticviolence,956ax9,"(10, 15)","I would comfort her as much as I was able, and once when I was home on break, I even confronted my brother about his behavior. I tried to be empathetic and not accusatory, and have a conversation about his feelings and encourage self-reflection. I talked about how I suffered from depression in graduate school and compared my symptoms of increased irritability and desire to stay at home with his current behavior. He seemed receptive to the conversation instead of becoming defensive as he usually does, and ultimately I suggested he try counseling, as that helped me. He never pursued it, though.",0,0.8,1533597560
domesticviolence,7wl1cu,"(5, 10)","She claims that because she is a woman, nobody will believe me. I'm not exactly sure what she did to herself, but when the police came she claimed that I hit her and had a flushed cheek to show for it. Fortunately,  the police were able to put together what actually happened based on my blood trail. Thank God I was sitting when she hit me and that the blood all around me proved it otherwise I would be in jail for something I didn't do. Things have been escalating for a while and this is the second time she has been arrested in the past 3 months for assault.",0,0.6,1518263716
domesticviolence,9tw3f3,"(5, 10)","They can‚Äôt all be wrong or insane, can they? Abusers spend so long abusing and being nice and abusing and being nice that you start to think that you play a role in the abuse and the only reason he/she is nice to you again is because of some demand you met. And your will to live/be safe/feel secure will override any trauma you have been through. You will do anything to make them nice again, because that means you get to be safe/secure. It's not contingent upon you, but on them, but you forget this.",0,0.8,1541267194
domesticviolence,9u771q,"[5, 10]",(One is 3 yrs old and the other 19) . Now my dad would beat my mom but over the course of the years as I grew older he turned the violence onto me. He would see that I defended my mom and since I called the police one time (I found him choking her onto the wall) he stopped hurting her and transitioned into beating me. Now I know you guys may ask why did you continue to allow the abuse with you if you had stopped it with your mother before? Well I have an answer  to that my mother loved my father very much and every time I tried contacting the police she would stop me and I have a lot of love towards my mother and would do anything for her... but anyways back to the present we no longer live with him anymore and we have cut all ties with him except for my brother.,0,0.571428571,1541366114
domesticviolence,77lawd,"(60, 65)","Above all else he made me feel not that I owed him for such affections. He made me feel worth something, that I was important and beautiful. He gave me back my soul and so very much more until I married him. I know this story might not be what you want to read ‚Äì I didn‚Äôt fight the good fight by myself. Nor did I find my self-worth by myself ‚Äì well I did in a way, but my friend, my love and eventually my husband held my hand with every shaky step I took.",0,1.0,1508496375
domesticviolence,9igudu,"[8, 13]","I keep trying, hoping we can be what we were...that the man I fell in love with will return. What‚Äôs happening here? Why rage at your wife when she tries to be affectionate? Is this just another control tactic? He also stated that I had completely cut him out of my life (I have been spending time with women friends and taking classes).",0,0.571428571,1537785555
domesticviolence,6rcdh9,"[10, 15]",I don't live in the country anymore. She thinks no one will help her and has a hard time trusting people. She doesn't want to go to a shelter. I at least gave her the number for a bilingual support person from the ywca. My mom also wants my dad to pay for my graduate school degree.,0,0.8,1501767932
domesticviolence,7whlce,"[5, 10]","Husband, I wanted to do this amicably. We could have made it through this heartbreak to our mutual benefit. I was willing to give you everything in exchange for your helping me furnish a tiny studio apartment. The value of such furnishings pale in comparison to the value of the property I was going to let you keep in exchange for allowing me to break free smoothly. I was going to let you keep my puppy.",0,0.8,1518219074
domesticviolence,913aa1,"[38, 43]",He said you better get a job by Friday or the homeless shelter. I'm thinking of going to stay at my cousins place who is supportive but it's a tad dirty but I'm considering just packing up my bag left clothes and going to stay with him. He also has my car and I'm not gonna try to take it back because he paid for my head so he gets my car. It's not worth much but still. Thank you for reading and I'm open to suggestions thank you Agian and I'm glad I got to share this,0,0.666666667,1532312837
domesticviolence,9j7nty,"[76, 81]",He tells me he loves me with his smile and outstretched arms every day. I need to be a good mom for him. &#x200B; Thank you for reading. I have been holding this in for so long and I guess I just wanted to be heard.,0,0.833333333,1538004278
domesticviolence,9kahd2,"[5, 10]","He speeds up and tries to catch up to her, and continues to yell at her face. The girl turns around in pushes him out of frustration and can tell it wasn't meant to hurt him or anything. The guy reciprocates by immediately pushing her multiple times, and they were NOT soft pushes, and seems like he was trying to push her to the ground. Couple pushes in, I was in shock, by the fact that you could really be in a relationship with someone that is abusive or that physically hurts you, or maybe it was that moment, she found out who he really was. She got up immediately and walked the opposite direction, walking back towards me, and I try not to look at her but she was just devastated I can tell.",0,0.833333333,1538345127
